{
    "classification_models": [
        {
            "model_name": "XGBoost Classifier",
            "accuracy": 0.5,
            "f1_score": 0.3333333333333333,
            "confusion_matrix": [
                [
                    1,
                    0
                ],
                [
                    1,
                    0
                ]
            ]
        },
        {
            "model_name": "Random Forest Classifier",
            "accuracy": 1.0,
            "f1_score": 1.0,
            "confusion_matrix": [
                [
                    1
                ]
            ]
        }
    ],
    "regression_models": [
        {
            "model_name": "Random Forest Regressor",
            "mse": 0.26225,
            "r2_score": -0.04899999999999993,
            "mae": 0.45499999999999996
        },
        {
            "model_name": "Decision Tree Regressor",
            "mse": 0.5,
            "r2_score": -1.0,
            "mae": 0.5
        }
    ]
}